product_id,shop_id,category_id,name,SKU,upload_date,price,stock,sold_quantities,desciption,image,rating,rate_nums
10001,14,2001,"Wyze Cam Floodlight with 2600 Lumen LEDs| Wired 1080p HD IP65 Outdoor Smart Security Camera| Color Night Vision| 270-Degree Customizable Motion Detection| 105dB Siren| and Two-Way Audio
Visit the WYZE Store",KS944RUR,11/3/2022,30.98,13922,8250,Products with electrical plugs are designed for use in the US. Outlets and voltage differ internationally and this product may require an adapter or converter for use in your destination. Please check compatibility before purchasing.,https://m.media-amazon.com/images/W/MEDIAX_792452-T1/images/I/61g8sxtpgeL._AC_SL1500_.jpg,4.2,5775
10002,14,2001,Wyze Expandable Storage 32GB MicroSDHC Card Class 10 Black,EMSD32C1,10/13/2021,11.96,58266,30779,Maximizes your Wyze Cam's functionality with continuous recording and time-lapse video and enables video to continue to record even if WiFi connection is interrupted.,https://m.media-amazon.com/images/W/MEDIAX_792452-T1/images/I/61rPehXRMPL._AC_SL1500_.jpg,4.6,21546
10003,14,2001,WYZE Cam OG 1080p HD Wi-Fi Security Camera - Indoor/Outdoor| Color Night Vision| Spotlight| 2-Way Audio| Cloud & Local storage- Ideal for Home Security| Baby| Pet Monitoring Alexa Google Assistant,KS244RUU,9/22/2022,19.98,45878,4970,Livestream with Color Night Vision - Monitor your home day or night with 1080P HD video & color night vision..Power Adaptor Input : Input - 110-240V(AC/DC)| Output - 5V/1A.,https://m.media-amazon.com/images/W/MEDIAX_792452-T1/images/I/51YntiXZVIL._AC_SL1500_.jpg,4.4,3479
10004,15,2001,JENSEN JDASHCP 7-inch Certified Apple CarPlay Android | Portable Dash Mount Car Stereo Radio Screen | All Vehicles | Car Truck RV EV Tesla | Bluetooth Hands Free Calling & Music Streaming | USB Input,EMSD32C0,2/28/2019,219.99,5690,2145,7 INCH LED HIGH RESOLUTION TOUCH SCREEN (1024 x 600) – the 7-inch LED high resolution touch screen display provides a comfortable viewing experience while keeping all your favorite content within fingers reach.,https://m.media-amazon.com/images/W/MEDIAX_792452-T1/images/I/61YRXZwkueL._AC_SL1500_.jpg,3.9,1502
10005,15,2001,Jensen MPR420 7 Character LCD Double DIN Car Stereo Radio | Push to Talk Assistant | Bluetooth Hands Free Calling & Music Streaming | AM/FM Radio | USB Playback & Charging | Not a CD Player,ESSD32C0,11/1/2019,39.86,2451,780,7 CHARACTER HIGH RESOLUTION LCD – your high resolution 7 character LCD display provides you with a comfortable viewing experience while behind the wheel| keeps all your favorite presets/apps within fingers reach and is extremely responsive,https://m.media-amazon.com/images/W/MEDIAX_792452-T1/images/I/71gHIBPabrL._AC_SL1500_.jpg,4,546
10006,15,2001,Metra 95-5812 Double DIN Installation Kit Fits SELECT 2004-2019 Ford Vehicles -Black.,ESSD3299,8/1/2020,12.36,7485,8708,Stereo installation kit designed to fit any standard 4O tall aftermarket radio,https://m.media-amazon.com/images/W/MEDIAX_792452-T1/images/I/61zUM4oTwuL._AC_SL1500_.jpg,4.3,6096
10007,15,2001,Metra 70-5521 Radio Wiring Harness for Ford 03-Up Amp| computer,ESSD3200,10/16/2020,9.25,5870,3645,One 24-pin power plug and one 8-pin subwoofer plug.Includes Ford Lincoln and Mercury 2003-2005 Turbowire and a 8-pin harness with a pair of RCAs for the OE woofer(s),https://m.media-amazon.com/images/W/MEDIAX_792452-T1/images/I/61CORK-mQCL._AC_SL1500_.jpg,4.4,2552
10008,21,2001,SAMSUNG Galaxy Tab A8 10.5O 32GB Android Tablet| LCD Screen| Kids Content| Smart Switch| Expandable Memory| Long Lasting Battery| Fast Charging| US Version| 2022| Dark Gray,HS244RZ0,3/13/2022,149.99,87666,20374,"A SCREEN EVERYONE WILL LOVE: Whether your family is streaming or video chatting with friends| the Galaxy Tab A8 tablet brings out the best in every moment on a 10.5"" LCD screen.Card description: ?Dedicated",https://m.media-amazon.com/images/W/MEDIAX_792452-T1/images/I/61krikJxTmL._AC_SL1200_.jpg,4.5,14262
10009,21,2001,SAMSUNG Galaxy A8 32GB Tab (Gray| Renewed),HS244RR0,7/16/2021,141.39,1042,464,Kids Digital Learning: Children can enjoy access to Samsung Kids| a library of safe and fun games| books| and videos that are kid-friendly and parent-approved,https://m.media-amazon.com/images/W/MEDIAX_792452-T1/images/I/61krikJxTmL._AC_SL1200_.jpg,4.4,325
10010,22,2002,"MSI Thin GF63 15.6"" 144Hz Gaming Laptop: 12th Gen Intel Core i7| NVIDIA GeForce RTX 4050| 16GB DDR4| 512GB NVMe SSD| Type-C| Cooler Boost 5| Win11 Home: Black 12VE-066US",MS234RR0,1/21/2019,880,1254,2146,12th Gen Intel Core i7 Processor: Performance to stream and game anywhere. Designed to deliver high-performance gameplay.,https://m.media-amazon.com/images/W/MEDIAX_792452-T1/images/I/71JqyTBiXrL._AC_SL1500_.jpg,4.4,1503
10011,22,2002,"MSI Cyborg 15 Gaming Laptop: Intel Core i5-12450H GeForce RTX 2050| 15.6"" FHD| 144Hz| 16GB DDR5| 512GB NVMe SSD| Type-C USB 3.2 Gen 1| Cooler Boost 5| Win 11 Home: Black A12UCX-276US",MS234UCX,5/5/2020,686.72,50,14,,https://m.media-amazon.com/images/W/MEDIAX_792452-T1/images/I/81qv4biJ5dL._AC_SL1500_.jpg,4.2,10
10012,22,2002,"MSI Stealth 17 Studio 17.3"" QHD 240Hz Gaming Laptop: 13th Gen Intel Core i9| RTX 4080| 32GB DDR5| 1TB NVMe SSD| Thunderbolt 4| USB-Type C| Cooler Boost Trinity+| Win11 Home: Core Black A13VH-053US",MS234UCC,12/2/2019,2799,990,1002,LATEST GEN - 13th Gen Intel Core i9 Processor: Peak performance for elite gaming and content creation. The latest version of performance hybrid architecture will push your gameplay beyond performance| giving you the power to do it all..Bluetooth : BT 5.2| AC Power Adaptor : 240 W.,https://m.media-amazon.com/images/W/MEDIAX_792452-T1/images/I/714fL2+tNuL._AC_SL1500_.jpg,4.2,702
10013,72,2002,ASUS ROG Strix G16 (2023) Gaming Laptop| 16O 16:10 FHD 165Hz| GeForce RTX 4060| Intel Core i7-13650HX| 16GB DDR5| 512GB PCIe SSD| Wi-Fi 6E| Windows 11| G614JV-AS73| Eclipse Gray,AS23LUXC,4/8/2020,1281,1872,750,POWER UP YOUR PLAY - Draw more frames and win more games with Windows 11| a 13th Gen Intel Core i7-13650HX processor| and an NVIDIA GeForce RTX 4060 Laptop GPU at 140W Max TGP.,https://m.media-amazon.com/images/W/MEDIAX_792452-T1/images/I/71jTFnk7XiL._AC_SL1500_.jpg,4.4,525
10014,72,2001,ASUS ROG Cetra True Wireless Gaming Earbuds| Low-Latency Bluetooth Earbuds| Active Noise Cancelation| 27-Hour Battery Life| IPX4 Water Resistance| Headphone with Wireless Charging|Black,AS23LULT,10/6/2022,82.99,775,651,If the size of the earbud tips does not match the size of your ear canals or the headset is not worn properly in your ears| you may not obtain the correct sound qualities or call performance. Change the earbud tips to ones that fit more snugly in your ear.Specific uses for product : Personal|Business|Gaming,https://m.media-amazon.com/images/W/MEDIAX_792452-T1/images/I/61NR-5HE6UL._AC_SL1500_.jpg,4.1,456
10015,72,2002,ASUS ROG Spatha X Wireless Gaming Mouse (Magnetic Charging Stand| 12 Programmable Buttons| 19|000 DPI| Push-fit Hot Swap Switch Sockets| ROG Micro Switches&Paracord and Aura RGB lighting)|Black,AS23LUL9,6/28/2020,111.99,720,674,Dual-mode Connectivity - ROG Spatha X Wireless Gaming Mouse allows you play wirelessly with 2.4 GHzRF| or with a wired USB-C cable connection,https://m.media-amazon.com/images/W/MEDIAX_792452-T1/images/I/81FDMl-cF-L._AC_SL1500_.jpg,4.3,472
10016,72,2002,ASUS ROG Balteus Qi Vertical Gaming Mouse Pad with Wireless Qi Charging Zone| Hard Micro-Textured Gaming Surface| USB Pass-Through| Aura Sync RGB Lighting and Non-Slip Base (12.6O X 14.6O),ASM3LUL9,8/9/2022,79.99,852,637,12.6O x 14.6O vertical gaming mousepad,https://m.media-amazon.com/images/W/MEDIAX_792452-T1/images/I/51vp9MDD5CL._AC_SL1129_.jpg,4.5,446
10017,72,2002,ASUS ROG Throne Qi Gaming Headset Stand - Wireless Charging | 2 USB Ports & Aux Input | Arc Design for Stable & Secure Storage | Built-In DAC & Amplifier for Immersive Audio | Aura Sync RGB Lighting,ASMM3LL9,3/13/2021,139.99,600,467,Wireless Qi charging delivers up to 10W of fast charging power for your phone or other compatible device,https://m.media-amazon.com/images/W/MEDIAX_792452-T1/images/I/71bxa7j5xIL._AC_SL1500_.jpg,4.5,327
10018,72,2002,ASUS ROG Strix Flare II Animate 100% RGB Gaming Keyboard - Hot-swappable| ROG NX Red Linear Switches| Customizable LED Display| PBT Keycaps| Acoustic Dampening Foam| Media Controls| Wrist Rest,ASZZ123L4,9/18/2020,169.99,455,137,AniMe Matrix LED display: Personalize and express yourself in a unique way with customizable images and animations,https://m.media-amazon.com/images/W/MEDIAX_792452-T1/images/I/61BCodO7-PL._AC_SL1500_.jpg,4.6,96
10019,72,2002,"ASUS TUF Dash 15 (2022) Gaming Laptop| 15.6"" 144Hz FHD Display| Intel Core i7-12650H| GeForce RTX 3060| 16GB DDR5| 512GB SSD| Thunderbolt 4| Windows 11 Home| Off Black| FX517ZM-AS73",ASM223L4,7/29/2021,979.99,2000,1499,SUPERCHARGED RTX GRAPHICS - Gameplay graphics are silky smooth with the NVIDIA GeForce RTX 3060 6GB GDDR6 at 1050W with Dynamic Boost| with cutting-edge AI features like NVIDIA DLSS and Ray-Tracing.Voltage:20.0 volts.Connectivity,https://m.media-amazon.com/images/W/MEDIAX_792452-T1/images/I/619dIEKft6L._AC_SL1500_.jpg,4.5,1050
10020,72,2002,ASUS Zenbook 15 Laptop| 15.6O FHD Display| AMD Ryzen 5 7535U CPU| AMD Radeon Graphics| 16GB RAM| 512GB SSD| Windows 11 Home| Ponder Blue| UM3504DA-AS54,ASZ984L4,1/5/2019,699.99,322,125,"Battery.cell composition : lithium ion
Display.type : LED
Wireless communication technology : Bluetooth
Specific uses for product : Business
Display.resolution maximum : 1920x1280 pixels
Connectivity technology : USB
Graphics ram.type : ddr5 sdram",https://m.media-amazon.com/images/W/MEDIAX_792452-T1/images/I/71xG5AOiuoL._AC_SL1500_.jpg,4.2,88
10021,72,2002,"ASUS Chromebook Vibe CX55 Flip| Cloud Gaming Laptop| 15.6"" Full HD 144 Hz Touch Display| Intel® Core™ i5-1135G7 Processor| 512GB SSD| 16GB RAM| ChromeOS| Mineral Gray| CX5501FEA-AS562T",ASC984L4,9/1/2020,699.99,113,24,"Developed and optimized for cloud gaming powered
by an Intel Core i5-1135G7 processor 2.4 GHz (8M cache| up to 4.2 GHz| 4 cores)| 512GB M.2 NVMe PCIe 3.0 SSD and 16GB RAM| Wi-Fi 6+ Bluetooth 5.0R.",https://m.media-amazon.com/images/W/MEDIAX_792452-T1/images/I/61+1SWHs9uL._AC_SL1500_.jpg,4.1,17
10022,72,2002,ASUS ROG Azoth 75% Wireless DIY Custom Gaming Keyboard| OLED Display| Gasket-Mount| Three-Layer Dampening| Hot-Swappable Pre-lubed NX Brown Switches & Keyboard Stabilizers| ABS Keycaps| RGB-Black,ASCK94L4,5/14/2020,209.99,25,73,Unique gasket mount design: Silicone gasket mount with three layers of dampening foams combine to provide an unrivaled typing experience,https://m.media-amazon.com/images/W/MEDIAX_792452-T1/images/I/81ykzmz6KZL._AC_SL1500_.jpg,4.5,52
10023,72,2002,ASUS ROG Hone Ace Aim Lab Edition Gaming Mouse Pad| 508 X 420 x 3 mm| Large Size| Soft| Hybrid Cloth Material| Non-Slip Rubber Base| Esports & FPS Gaming| Black,AGZ984L4,8/24/2021,24.99,58,56,Synergistic Aim Lab accuracy training: Measurement markings on the mouse pad work in tandem with Aim Lab software to help players train aiming accuracy for FPS gaming,https://m.media-amazon.com/images/W/MEDIAX_792452-T1/images/I/81MpNg1aLLL._AC_SL1500_.jpg,4.5,40
10024,72,2002,ASUS TUF Gaming P1 Portable Gaming Mouse pad (Nano-Coated| Water-Resistant Surface| Durable Anti-fray Stitching| and Non-Slip Rubber Base) - Demon Slayer| NEZUKO,ATGZ9844,3/4/2021,17.49,31,20,Demon Slayer & ASUS teams up for an exciting new gaming collection,https://m.media-amazon.com/images/W/MEDIAX_792452-T1/images/I/81ZvCwqQ+0L._AC_SL1500_.jpg,4.5,14
10025,72,2002,ASUS Gaming Headset ROG DELTA | Headset with Mic and Hi-Res ESS Quad-DAC | Compatible Gaming Headphones for PC| Mac| PS4| Xbox One | Aura Sync RGB Lighting|Black,ASMZ9844,2/14/2020,127.08,987,1233,Rich gaming Audio with a 127dB Signal to noise ratio and 50 millimeter ASUS essence drivers with airtight chamber design provide detail-rich Audio perfect for FPS games,https://m.media-amazon.com/images/W/MEDIAX_792452-T1/images/I/81ehj4Fhw9L._AC_SL1500_.jpg,4.4,864
10026,85,2003,Lutron Caseta Single-Pole/3-Way Smart Lighting Lamp Dimmer and Remote Kit | P-PKG1P-WH | White,LTLZ9244,8/4/2020,49.95,3512,2716,KIT INCLUDES: (1) Caseta Plug-In Lamp Dimmer and (1) Pico remote,https://m.media-amazon.com/images/W/MEDIAX_792452-T1/images/I/71tOl8m0ydL._SL1500_.jpg,4.8,1902
10027,85,2003,Lutron Caséta Weatherproof+ Outdoor Smart Plug On/Off Switch | Works with Alexa| Google Assistant| Ring| Apple HomeKit (Smart hub Required) | for Landscape and String Lighting | PD-15OUT-BL | Black,LTLZ9234,6/28/2021,79.95,2671,1053,MEET YOUR SMART YARD: Experience the delight of returning to a home alive with light; perfect for patio string lights| landscape lights| holiday lights (up to 1|000 ft!)| pond or fountain pumps| and more,https://m.media-amazon.com/images/W/MEDIAX_792452-T1/images/I/51dv+GhOpSL._AC_SL1000_.jpg,4.8,738
10028,85,2003,Lutron Caseta Smart Lighting Switch for All Bulb Types or Fans | Neutral Wire Required | PD-6ANS-WH | White,LTS9234,10/29/2021,59.95,8762,2708,EASY INSTALL: Easily replaces existing switch and installs in as little as 15 minutes; NEUTRAL WIRE REQUIRED,https://m.media-amazon.com/images/W/MEDIAX_792452-T1/images/I/61B4sbsw3BL._AC_SL1500_.jpg,4.8,1896
10029,85,2003,Lutron Caseta Single-Pole/3-Way Smart Lighting Lamp Dimmer and Remote Kit | P-PKG1P-WH | White,LTS9235,4/13/2020,49.95,5222,2716,KIT INCLUDES: (1) Caseta Plug-In Lamp Dimmer and (1) Pico remote,https://m.media-amazon.com/images/W/MEDIAX_792452-T1/images/I/71tOl8m0ydL._SL1500_.jpg,4.8,1902
10030,85,2003,Lutron Ariadni/Toggler LED+ Dimmer | 150-Watt| Single-Pole/3-Way | AYCL-153P-WH | White,LTLD235,1/31/2019,23.14,10125,5888,"Tested on 1|000s of bulbs and dozens of brands for flicker-free dimming. For list of recommended bulbs view ""Compatibility Chart""",https://m.media-amazon.com/images/W/MEDIAX_792452-T1/images/I/61VxWYqWk+L._AC_SL1000_.jpg,4.6,4122
10031,90,2003,"TCL 50"" Class 5-Series 4K UHD QLED Dolby Vision & Atmos| VRR| AMD FreeSync| Smart Roku TV - 50S555 (2022 Model) |Black",TCL56234,8/1/2020,799.99,2345,721,Superior 4K Ultra HD: Picture clarity combined with the contrast| color| and detail of Dolby Vision HDR (High Dynamic Range) for the most lifelike picture..Output Power : 10W + 10W. Headphone Jack : 1. RF Antenna Input: 1.,https://m.media-amazon.com/images/W/MEDIAX_792452-T1/images/I/81-LUpjsiTL._AC_SL1500_.jpg,4.3,505
10032,90,2003,TCL 32-Inch Class S3 1080p LED Smart TV with Google TV (32S350G| 2023 Model)| Google Assistant Built-in with Voice Remote| Compatible with Alexa| Streaming FHD Television|Black,TCL5D234,9/27/2019,138,987,296,1080P Full HD Resolution: experience your favorite movies and TV shows in stunning high-definition picture quality for enhanced clarity and detail.,https://m.media-amazon.com/images/W/MEDIAX_792452-T1/images/I/81ylxtsKamL._AC_SL1500_.jpg,4.2,208
10033,21,2003,SAMSUNG 32-Inch M50C Series FHD Smart Computer Monitor with Streaming TV| Gaming Hub| Remote PC Access| Multiple Ports| Mobile Connectivity| Built-in IoT Hub| LS32CM502ENXGO| Black,SS85UR44,12/6/2019,219.99,212,977,SMART TV APPS: Native streaming apps make it easy to watch your shows without a PC and switch between apps with a mouse; Adaptive Picture automatically optimizes screen brightness and Adaptive Sound adjusts audio to the ideal the level,https://m.media-amazon.com/images/W/MEDIAX_792452-T1/images/I/61tIoFn0fjL._AC_SL1000_.jpg,4.3,684
10034,21,2003,SAMSUNG Jet 60 Flex Cordless Stick Vacuum Cleaner| Lightweight| Portable w/ Removable Battery| Powerful Household Cleaning for Hardwood Floors| Tile| Carpets| Area Rugs| VS15A6031R7| Rose Gold,SS85UJ44,6/7/2022,139.99,2762,1815,CLEANS ALL FLOOR SURFACES: Jet 60 Flex stick vacuum cleans hardwood| tile| and rugs with intense suction power up to 150 AW; The Jet Cyclone technology optimizes airflow and prevents clogs| while its HEPA air filtration instantly traps dust particles.Runtime: 40.0 minutes,https://m.media-amazon.com/images/W/MEDIAX_792452-T1/images/I/61q12+fikqL._AC_SL1500_.jpg,4.2,1271
10035,21,2003,SAMSUNG Jet Stick Cordless Vacuum Clean Station| Dust Disposal with Hygienic Cleaning Filter| VCA-SAE903/AA| 2021| Silver,SS88UJ44,5/18/2020,139.99,856,84,AUTO EMPTY DUSTBIN: Empty the dust from your Jet Stick cordless vacuum by simply placing the dustbin on top of the Clean Station for an automatic emptying process,https://m.media-amazon.com/images/W/MEDIAX_792452-T1/images/I/71muH9qYF8L._AC_SL1500_.jpg,4.3,59
10036,21,2003,SAMSUNG Clean Station Dust Bags| Pack of 5 Replacement Bags for Jet Stick Cordless Vacuum Cleaners| Hygienic Floor Cleaning Solution| VCA-ADB90/XAA| Grey,SS88UJ22,5/25/2020,37.49,288,285,DUST BAGS: Replacement Dust Bags for use in the Samsung Clean Station (sold separately)| which is an accessory for Samsung Jet Stick Cordless Vacuum Cleaners,https://m.media-amazon.com/images/W/MEDIAX_792452-T1/images/I/61mSgx-jAoS._AC_SL1500_.jpg,4.6,200
10037,21,2003,SAMSUNG Bespoke Jet Spray Spinning Sweeper Brush Vacuum Mopping Attachment| Silver,SSLSUJ22,1/19/2021,149.99,85,34,Spinning Sweeper Brush is an attachment tool to be used with the Samsung BESPOKE Jet cordless stick vacuum,https://m.media-amazon.com/images/W/MEDIAX_792452-T1/images/I/71eNDlgMS4L._AC_SL1500_.jpg,3.9,24
10038,21,2003,SAMSUNG 17.3 Cu Ft Smart Kimchi & Specialty 4-Door French Door Refrigerator w/ Freezer| Precise Cooling| Large Capacity| RQ48T9432T1/AA| Platinum Bronze,SSLSRJ22,2/19/2019,3234,25,6,"SUPER PRECISE COOLING: Maintain specific temperatures within plus/minus 1 degree F to create the optimal environment for fermenting kimchi and keeping fruits and vegetables fresher| longer
LOCK IN FRESHNESS: Refrigerator’s stainless steel metal panels cool food faster and help maintain consistent temperatures for longer lasting freshness
MODERN DESIGN W/ LARGE CAPACITY: Sleek design with clean lines blends beautifully into your kitchen; Stay organized with the spacious 17.3 cubic feet interior| which provides plenty of room to store your favorite specialty items and everyday groceries",https://m.media-amazon.com/images/W/MEDIAX_792452-T1/images/I/61F1hBoP9BL._AC_SL1500_.jpg,3.8,5
10039,21,2003,SAMSUNG 34-Inch Wine Cooler Refrigerator| 51 Bottle Capacity| Freestanding| Under Cabinet Fridge w/ Dual Temperature Zones| LED Lighting| Fingerprint Resistant| RW51TS338SR/AA| Stainless Steel,SSLSRK22,4/9/2022,1438,32,16,"51-BOTTLE CAPACITY: Grab that extra bottle of wine| we’ve got you; The Samsung Wine Cooler fridge has a large| spacious interior that holds up to 51 bottles of all your favorite wine| across 5 shelves
DUAL TEMP ZONES: Store all your favorite red| white and sparkling wines at their optimal temperature (45-50 degrees F and 50-64 degrees F)
PROTECT YOUR WINE’S FLAVOR: Triple-paned| UV resistant glass helps protect and preserve your wine's flavor by blocking harmful ultraviolet rays",https://m.media-amazon.com/images/W/MEDIAX_792452-T1/images/I/71nSg3+J0nL._AC_SL1500_.jpg,3.7,12
10040,21,2003,SAMSUNG BESPOKE Jet Cordless Stick Vacuum Cleaner w/ Clean Station| Powerful Multi-Surface Floor Cleaning for Carpet| Hardwood| Tile| 5-Layer Filter| Lightweight| VS20A9580VB/AA| 2023| Midnight Blue,SSLSSK22,10/9/2020,599.98,422,138,"ADVANCED CLEANING PERFORMANCE: Samsung's HexaJet MotorTM technology provides our strongest suction with up to 210AW of power for superior cordless cleaning on carpets and hard floors| while still being lightweight for max maneuverability
CLEAN STATION: At the press of a button| Clean Station empties the Jet Stick dustbin| trapping 99.99%* of dust and debris for a beyond-the-floor clean",https://m.media-amazon.com/images/W/MEDIAX_792452-T1/images/I/61DfkwdGwsL._AC_SL1500_.jpg,4.3,97
10041,21,2003,SAMSUNG BESPOKE Jet AI Cordless Stick Vacuum Cleaner w/All-In-One Clean Station| 280AW Suction Power| Longest Battery Life| Multi Surface Floor Brushroll| Lightweight| VS28C9760UG| 2023| Satin Greige,SSLSSK21,6/20/2019,849.99,102,26,"MOST POWERFUL| PREMIUM CORDLESS STICK VACUUM W/ AUTO EMPTY*: Delivers up to 280AW of suction** with our HexaJet 2.0 motor; Combined with a lightweight design| it delivers a faster| more effective clean
LONGEST BATTERY LIFE OF ANY STICK VACUUM: Samsung has revolutionized battery technology to provide thorough cleaning for up to 100 minutes** using one battery",https://m.media-amazon.com/images/W/MEDIAX_792452-T1/images/I/61LNP1tbQFL._AC_SL1500_.jpg,4.4,19
10042,21,2003,SAMSUNG 75-Inch Class QLED 4K The Frame LS03B Series| Quantum HDR| Art Mode| Anti-Reflection Matte Display| Slim Fit Wall Mount Included| Smart TV w/ Alexa Built-In (QN75LS03BAFXZA| Latest Model),SSLCCK21,2/20/2022,297.99,2566,1329,"HANDPICKED BY AMAZON: They did the research so you don’t have to..Audio Sound Output (RMS) : 40W. Bluetooth Version : Bluetooth 5.2
ART MODE: Enjoy your personal art exhibit when you’re not watching TV; Just switch on Art Mode; When the TV’s off| The Frame becomes a display of your art collection| thanks to the built-in motion sensor; Show off your own photos and art or from Samsung’s Art Store",https://m.media-amazon.com/images/W/MEDIAX_792452-T1/images/I/71WpTVdu57L._AC_SL1080_.jpg,4.2,931
10043,21,2003,SAMSUNG Jet Bot+ Robot Vacuum Cleaner w/Clean Station| Automatic Emptying| Precision Cleaning| 5-Layer Filter| Intelligent Power Control for Hardwood Floors| Carpets| Area Rugs| VR30T85513W/AA| White,SSLCCK01,9/5/2019,499,5891,926,"PRECISE NAVIGATION: LiDAR sensors create accurate room maps for the Jet Bot +to navigate so no worrying about your robotic vacuum going to places it shouldn’t; Mapping can also be controlled via the Samsung SmartThings App
INTELLIGENT POWER CONTROL: Jet Bot+ identifies the surface type and amount of dust and automatically adjusts suction so you get a thorough clean no matter the floor type",https://m.media-amazon.com/images/W/MEDIAX_792452-T1/images/I/518rTA76s3S._AC_SL1500_.jpg,4.2,649
10044,91,2004,NATIONAL GEOGRAPHIC Kids Screen Printing Kit - Arts and Crafts Silk Screen Printing Kit with Fabric Paint| Frame| Stencils & Squeegee Plus Drawstring Bag & More| Screen Print| Silkscreening Kit,NG96SL70,9/24/2020,18.49,801,73,EVERYTHING KIDS NEED - This silk screen printing kit includes a reusable wooden mold| fabric and puffy paint| stencils| paintbrush| silk screen squeegee and tape| as well as a drawstring bag kids can add their designs to!,https://m.media-amazon.com/images/W/MEDIAX_792452-T1/images/I/91o+ZWj1REL._AC_SL1500_.jpg,4.6,52
10045,91,2004,NATIONAL GEOGRAPHIC Paint Marbling Arts & Crafts Kit - Water Marbling Paint Art Kit for Kids| Create 12 Sheets of Marble Art with 6 Paints| Marbling Paint Kit| Kids Art Projects,NG96SL7A,1/26/2021,13.59,120,55,CREATE MESMERIZING MARBLE ART - With this exciting arts & crafts kit| kids can easily make beautiful marbled paint designs| then transfer to the included paper sheets for framing and displaying! Their works of art also make great| personalized gifts!,https://m.media-amazon.com/images/W/MEDIAX_792452-T1/images/I/91aWUEodetL._AC_SL1500_.jpg,4.3,39
10046,91,2004,NATIONAL GEOGRAPHIC Modeling Clay Arts & Crafts Kit - Air Dry Clay for Kids Craft Kit with 2 lb. Clay to Make 9 Art Projects| Clay Christmas Ornament Craft Kit| DIY for Kids 8-12,NGSTSL7A,4/5/2022,10.4,354,30,CREATE MULTIPLE PROJECTS - With this air-dry pottery kit| kids can make multiple nature-themed arts & crafts projects including 5 holiday ornaments and 4 leaf-shaped dishes! The air-dry clay is easy to use| with step-by-step instructions included.,https://m.media-amazon.com/images/W/MEDIAX_792452-T1/images/I/81-ntownfTL._AC_SL1500_.jpg,4.6,21
10047,91,2004,NATIONAL GEOGRAPHIC Stunning Chemistry Set - Mega Science Kit with 45 Easy Experiments- Make a Volcano and Launch a Rocket| STEM Projects for Kids Ages 8-12| Science Toys,NG25SL7A,8/26/2020,27.99,4562,9217,"A SCIENCE KIT THAT INSPIRES - Your kids will have hours of fun as they explore the fizzy and bubbly reactions they create| just like a real scientist in a lab!
A TOTAL OF 45 EXPERIMENTS - Build and erupt a volcano| create a geyser| launch a rocket| and cause some awesome chemical reactions! Each experiment is easy to conduct and a whole lot of fun!",https://m.media-amazon.com/images/W/MEDIAX_792452-T1/images/I/91+EDMdD8hL._AC_SL1500_.jpg,4.7,6452
10048,91,2004,NATIONAL GEOGRAPHIC Earth Science Kit - Over 15 Science Experiments for Kids| Crystal Growing Kit| Volcano Science Kit| Dig Kits & Gemstones| STEM Project Toy for Boys and Girls,NG25TR7A,1/4/2019,22.49,5687,17486,"MASSIVE SCIENCE KIT FOR CURIOUS KIDS - More than 15 experiment activities including dueling water tornadoes| building an erupting volcano| growing a crystal| two geologic dig kits| and more
ENOUGH TO GO AROUND - This science lab allows kids to conduct multiple experiments and is great to share with family| friends| or classmates; you will enjoy the magic of discovery together",https://m.media-amazon.com/images/W/MEDIAX_792452-T1/images/I/91AQBSotB2L._AC_SL1500_.jpg,4.7,12241
10049,115,2005,Coverking NatureGuard Premium Universal Fit Car Cover from Moda Weather-Resistant for Sedan| Coupe or Convertibile| Indoor/Outdoor Use: Reflective Outside Layer| Small,HGT34Y6,5/1/2019,99.99,325,258,"Weather-resistant fabric keeps your car dry and safe from rain| snow| dirt| and dust
Reflective layer protects your exterior and interior from sun damage
Soft inner lining protects the finish of your car
Great for outdoor and indoor use
Available in Small| Medium| and Large sizes",https://m.media-amazon.com/images/W/MEDIAX_792452-T1/images/I/6178sILefuL._AC_SL1500_.jpg,4,181
10050,115,2005,Coverking Custom Fit Front 50/50 Bucket Seat Cover for Select Toyota Tacoma Models - Neosupreme (Charcoal with Black Sides),HGZ34Y6,10/29/2019,209.99,42,24,The exact seat configuration is Front With Side Airbag; 50/50 Bucket; Without Fold Forward Flat Passenger Backrest; With Removable Headrest; With Drivers Lumbar,https://m.media-amazon.com/images/W/MEDIAX_792452-T1/images/I/71fWjb+NxIL._AC_SL1500_.jpg,4.1,17
10051,115,2005,Coverking - SPC124 Custom Fit Seat Cover for Jeep Wrangler TJ 2-Door - (Neoprene| Black/Charcoal),HGZ3HR6,12/5/2019,169.99,210,55,This seat cover fits 1997 - 2001 Jeep Wrangler TJ 2-Door and the configuration of the seat is Front 50/50 Bucket| Two Pull Strap,https://m.media-amazon.com/images/W/MEDIAX_792452-T1/images/I/41ytg1ZgfDL._AC_.jpg,4.1,39
10052,115,2005,Coverking Custom Fit Front 40/20/40 Seat Cover for Select Ford F-Series Models - Ballistic (Charcoal),HGZ3HF6,12/23/2021,219.99,58,2,The exact seat configuration is Front 40/20/40 Bench; With Removable Headrest; Without Built-In Belt; With Console,https://m.media-amazon.com/images/W/MEDIAX_792452-T1/images/I/619EOIff-JL._AC_SL1500_.jpg,3.5,2
10053,115,2005,Coverking Front and Rear Floor Mats for Select LTD Crown Victoria Models - 40 Oz Carpet (Oak),HG23HF6,6/17/2020,28.57,16,3,"Made from thick| super soft premium nylon carpet for soft touch and durability
OE quality fit and finish that are a great alternatrive to factory carpet floor mats and backed by a special layer of thick| non-slip rubber to prevent floor mat movement",https://m.media-amazon.com/images/W/MEDIAX_792452-T1/images/I/81RltrZhqwL._AC_SL1500_.jpg,5,3
10054,115,2005,Coverking Front and Rear Floor Mats for Select Honda Civic Models - 40 Oz Carpet (Beige),HF23HF6,10/3/2020,28.57,27,2,"Made from thick| super soft premium nylon carpet for soft touch and durability
OE quality fit and finish that are a great alternatrive to factory carpet floor mats and backed by a special layer of thick| non-slip rubber to prevent floor mat movement",https://m.media-amazon.com/images/W/MEDIAX_792452-T1/images/I/81SvUsOROIL._AC_SL1500_.jpg,2.9,2
10055,157,2006,Philips AVENT Soothie Pacifier| 0-3 Months| Green| 4 Pack,SCF190HR,7/22/2021,8.94,68923,53339,The pacifier brand distributed in hospitals nationwide| used by doctors & nurses to soothe newborns,https://m.media-amazon.com/images/W/MEDIAX_792452-T1/images/I/71T7yqPWX5L._SL1500_.jpg,4.8,37338
10056,157,2006,Dr. Brown's Natural Flow® Anti-Colic Options+™ Narrow Baby Bottles 8 oz/250 mL| with Level 1 Slow Flow Nipple| 4 Pack| 0m+,SCF190HF,6/10/2019,23.96,12587,40278,"ANTI-COLIC BABY BOTTLE. Anti-Colic internal vent system is clinically proven to reduce colic. Decreases spit-up| burping and gas.
CONSISTENT FLOW RATE. Vacuum-free feeding is closest to breastfeeding and Dr. Brown’s silicone nipples provide a consistent flow so babies can feed at their own pace.",https://m.media-amazon.com/images/W/MEDIAX_792452-T1/images/I/81vLrLJ-5mL._SL1500_.jpg,4.8,28195
10057,157,2006,Philips Avent Ultra Air Pacifier - 4 x Light| Breathable Baby Pacifiers for Babies Aged 0-6 Months| BPA Free with Sterilizer Carry Case ,SCF085HR,10/20/2021,12.63,12587,4118,Breathable| BPA-free pacifier with extra-large air holes that let your baby's skin breathe keeping it dryer while soothing,https://m.media-amazon.com/images/W/MEDIAX_792452-T1/images/I/61eVkMATtSL._SL1500_.jpg,4.8,2883
10058,157,2006,Philips Avent Soothie Snuggle Pacifier Holder with Detachable Pacifier| 0m+| Fox,SCF347HA,12/26/2021,15.95,12630,22850,"Comes with the 0-3m Soothie pacifier used by doctors and nurses to calm newborns
Pacifier and stuffed animal detach for easy cleaning
Stuffed animal makes the pacifier easy for parents and babies to find; it also keeps the pacifier close to baby",https://m.media-amazon.com/images/W/MEDIAX_792452-T1/images/I/61VhGbdxwHL._SL1500_.jpg,4.8,15995
10059,157,2006,Philips AVENT Audio Baby Monitor DECT| White,SCD502HQ,1/21/2021,65.98,844,357,"Dect technology guarantees zero interference| clear sound| with indoor range of 150 feet and outdoor range up to 1| 000 feet
Parent unit is outlet or battery powered (AA batteries not included); with batteries| enjoy cordless use of the parent unit for up to 24 hours",https://m.media-amazon.com/images/W/MEDIAX_792452-T1/images/I/816oxchQ7BL._SL1500_.jpg,4.3,250
10060,166,2006,Aveeno Baby Daily Moisture Gentle Bath Wash & Shampoo with Natural Oat Extract| Hypoallergenic| Tear-Free & Paraben-Free Formula for Sensitive Hair & Skin| Lightly Scented,ABCH0815,6/11/2022,16.68,2154,18887,33-fluid ounce bottle of gentle cleansing Aveeno Daily Moisture Baby Bath Wash and Shampoo with natural oat extract to gently nourish and cleanse delicate baby skin and hair,https://m.media-amazon.com/images/W/MEDIAX_792452-T1/images/I/71mYCi+-LdL._SL1500_.jpg,4.8,13221
10061,157,2006,Amazon Basics Tear-Free Baby Shampoo| 13.6 Fluid Ounce,ABCH09DF,4/27/2019,3.33,987,1568,"One 13.6-fluid ounce bottle of Amazon Basics Tear-Free Baby Shampoo
Pediatrician and Dermatologist Tested. Hypoallergenic. Mild| Tear-free formula.",https://m.media-amazon.com/images/W/MEDIAX_792452-T1/images/I/61mseB3pFoL._AC_SL1500_.jpg,4.6,1098
10062,157,2006,Angelcare Baby Bath Support (Grey) | Ideal for Babies Less Than 6 Months Old,ABCR8762,7/29/2021,19.78,16228,25578,"CONVENIENT BABY BATHER: The Angelcare Baby Bath Support makes bath time easier and safer! Simply place the bather directly in the bathtub to secure and cradle your baby while partly immersing your child’s body into the bath water.
ERGONOMIC & SAFE DESIGN: Designed with comfort and safety as the highest priority| the Baby Bath Support is made with lightweight yet durable plastic that is covered in a soft-touch mesh that is gentle on your baby’s delicate and sensitive skin.",https://m.media-amazon.com/images/W/MEDIAX_792452-T1/images/I/61x79D9WpNL._SL1500_.jpg,4.8,17905
10063,210,2007,Bio-Oil Natural Skincare Oil| Serum for Scars and Stretch Marks| Face and Body Moisturizer for Dry Skin| with Organic Jojoba Oil| Vitamin E| For All Skin Types| 85 oz (Pack of 3),BO45CR22,12/26/2021,22.92,6288,5847,"HELPS IMPROVES APPEARANCE OF SCARS AND STRETCH MARKS - Dermatologist recommended and clinically proven for scars| stretch marks| uneven skin tone and so much more
PACKED WITH POWERFUL NATURAL OILS - Packed with powerful plant oils and skin loving ingredients| like rosehip oil| lavender oil| chamomile oil| and patchouli oil",https://m.media-amazon.com/images/W/MEDIAX_792452-T1/images/I/61HJWuOjM7L._SL1500_.jpg,4.6,4093
10064,210,2007,Bio-Oil Moisturizing Body Lotion for Dry Skin| Ultra-Lightweight High-Oil Hydration| with Jojoba/Rosehip/Shea Oil| and Hyaluronic Acid| 8.5 oz,BO25CR22,3/15/2022,15.97,8924,3527,"ULTRALIGHT FORMULA — ‘Shake before use’ technology allows lotion to be ultralight yet highly effective moisturizing skin
REPLENISH DRY SKIN — Hydrate everyday dry skin| maintain skin’s natural moisture balance| supplement natural oils",https://m.media-amazon.com/images/W/MEDIAX_792452-T1/images/I/71cA3mMWp9L._SL1500_.jpg,4.4,2469
10065,210,2007,Bio-Oil Skincare Body Oil| Serum for Scars and Stretchmarks| Face Moisturizer Dry Skin| Non-Greasy| Dermatologist Recommended| Non-Comedogenic| For All Skin Types| with Vitamin A| E| 4.2 oz,BO25HF22,7/29/2022,16.97,2578,61381,"HELPS IMPROVES APPEARANCE OF SCARS AND STRETCH MARKS - Dermatologist recommended and clinically proven for scars| stretch marks| uneven skin tone and so much more
PACKED WITH NATUAL OILS - Vitamin E helps maintain healthy looking skin while natural Chamomile and Lavender Oil calm and soothe",https://m.media-amazon.com/images/W/MEDIAX_792452-T1/images/I/71LUspvo9fL._SL1500_.jpg,4.6,42967
10066,210,2007,Bio-Oil Skincare Oil| Serum for Scars and Stretchmarks| Face Body Moisturizer Dry Skin| with Organic Jojoba Oil Vitamin E| Natural Rosehip For All Skin Types| 4.2 oz,BO52FF06,3/15/2020,24.99,6287,5847,"HELPS IMPROVES APPEARANCE OF SCARS AND STRETCH MARKS - Dermatologist recommended and clinically proven for scars| stretch marks| uneven skin tone and so much more
PACKED WITH POWERFUL NATURAL OILS - Packed with powerful plant oils and skin loving ingredients| like rosehip oil| lavender oil| chamomile oil| and patchouli oil",https://m.media-amazon.com/images/W/MEDIAX_792452-T1/images/I/71Xntquq3jL._SL1500_.jpg,4.6,4093
10067,210,2007,Bio-Oil Skincare Body Oil| Vitamin E Serum for Scars & Stretchmarks| Dermatologist Recommended| All Skin Types| 6.7 oz,BO52FE66,9/26/2021,27.07,103802,96473,"HELPS IMPROVES APPEARANCE OF SCARS AND STRETCH MARKS - Dermatologist recommended and clinically proven for scars| stretch marks| uneven skin tone and so much more
PACKED WITH NATUAL OILS - Vitamin E helps maintain healthy looking skin while natural Chamomile and Lavender Oil calm and soothe",https://m.media-amazon.com/images/W/MEDIAX_792452-T1/images/I/71bhz4sTLqL._SL1500_.jpg,4.6,67532
10068,210,2007,Bio-Oil Dry Skin Gel| Face and Body Moisturizer| Fast Absorbing Hydration| with Soothing Emollients and Vitamin B3| Non-Comedogenic| 6.7 Fl oz,BO50FE66,3/4/2019,19.99,20871,16460,"HYDRATING DRY SKIN GEL - Clinically proven to improve dry skin with a unique formulation that is absorbed easily| helping to relieve the signs and symptoms of dry skin for all skin types
SOOTHING BOOST OF MOISTURE - Nourishes skin and locks in essential hydration by protecting skin's natural moisture barrier and soothing flaky skin| cracks| and dry spots",https://m.media-amazon.com/images/W/MEDIAX_792452-T1/images/I/61J1i0NPcAL._SL1500_.jpg,4.5,11522
10069,210,2007,Bio-Oil Skincare Set| Trial Kit for Scars| Stretchmarks| and Dry Skin| 3 Pc Travel Size Kit Includes Skin Care Oil| Dry Skin Gel| and Body Lotion| use for Scars| Pregnancy Stretch Marks| and Dry Skin,BOLTFE66,6/27/2020,30.06,10254,715,"SKINCARE GIFT SET - Contains Travel Size Bio-Oil Skin Care Oil| Bio-Oil Dry Skin Gel| and Bio-Oil Body Lotion
HELPS IMPROVES APPEARANCE OF SCARS AND STRETCH MARKS - Dermatologist recommended and clinically proven for scars| stretch marks| uneven skin tone and so much more",https://m.media-amazon.com/images/W/MEDIAX_792452-T1/images/I/71AzstgycoL._SL1500_.jpg,4.6,501
10070,221,2007,Curel Japan Anti-Wrinkle Hydrating Serum| Lightweight Serum| Fragrance Free & Colorant Free| Sensitive Skin Serum| 1.3 Oz,CJ88FD77,5/8/2019,18.59,3568,2435,"REDUCES APPEARANCE OF WRINKLES - This lightweight serum helps reduce the look of fine lines and wrinkles caused by skin dryness
REPLENISHES YOUR CERAMIDES - Replenishes and protects natural ceramides| leaving your skin feeling firm and moisturized",https://m.media-amazon.com/images/W/MEDIAX_792452-T1/images/I/61BSRuNc26L._SL1500_.jpg,4.4,1705
10071,221,2007,Curel Japanese Skin Care Foaming Daily Face Wash for Sensitive Skin| Hydrating Facial Cleanser for Dry Skin| pH-Balanced and Fragrance-Free| 5 Ounces (Step 2 of 2-Step Skincare),CJ88FD89,2/28/2020,12.56,8546,1837,"DRY| SENSITIVE SKIN FACE WASH - pH balanced| fragrance free| and colorant free| this oil-free face wash offers mild acne care
FACE PURIFYING SKIN CARE CLEANSER - Curel's water-based blackhead face wash formula gently washes away impurities with a foaming cleanse",https://m.media-amazon.com/images/W/MEDIAX_792452-T1/images/I/511Oo3x8nUL._SL1500_.jpg,4.5,1286
10072,221,2007,Curel Japanese Skin Care Intensive Face Moisturizer Cream| Face Lotion for Dry to Very Dry Sensitive Skin| For Women and Men| Anti-Aging Fragrance-Free Anti-Wrinkle| 1.4 oz,CJ88FH89,5/3/2021,20.85,6871,2436,"DEEPLY HYDRATING FACE CREAM - pH balanced| fragrance-free| colorant-free| and free from drying alcohol| this wrinkle cream for face offers long-lasting results
AWARD-WINNING FACE CREAM FOR DRY| SENSITIVE SKIN - This night face cream is a best-selling face cream for women in Japan. 86.8% of Japanese dermatologists recommend Curel",https://m.media-amazon.com/images/W/MEDIAX_792452-T1/images/I/61jspVKcOtL._SL1500_.jpg,4.4,1706
10073,221,2007,Curel Extreme Dry Hand Dryness Relief| Travel Size Hand Cream| Easily Absorbed for Long-Lasting Relief after Washing Hands| with Eucalyptus Extract| 3 Ounces,CJ88FH80,9/20/2022,3.97,3373,2924,"LONG-LASTING DRYNESS PROTECTION - This dry skin relief hand cream provides relief for extremely dry hands.. The formula is gentle and soothing. It's both fragrance free and dermatologist recommended
USE AFTER WASHING HANDS - This hand cream with eucalyptus extract works great after washing your hands and provides intensive moisture. The formula protects skin from dryness up to 24 hours and through multiple (3) hand washes| so no need to reapply",https://m.media-amazon.com/images/W/MEDIAX_792452-T1/images/I/61O3U6VcnVL._SL1500_.jpg,4.6,2047
10074,229,2008,Women's Lightweight Long-Sleeve Water-Resistant Packable Puffer Jacket (Available in Plus Size),YAM856VC,2/14/2021,35.9,85214,19273,"REGULAR FIT: Close but comfortable fit through chest| waist| and hips.
WATER-RESISTANT POLYESTER TAFFETA: 100% Polyester plain weave shell fabric. Fully lined| quilted and insulated. Designed to keep you extra protected for the coldest winter days.",https://m.media-amazon.com/images/W/MEDIAX_792452-T1/images/I/71N8jBBw3AL._AC_SX569_.jpg,4.5,13492
10075,229,2008,Hanes Women's Value| Ankle Soft Moisture-Wicking Socks| Available in 10 and 14-Packs,YAM886VZ,1/12/2019,11.99,58746,22767,"EXCELLENT FIT – made with a touch of soft and stretchy Spandex so it gently conforms to the shape of the foot.
KEEP YOUR COOL - Cool Comfort fabric wicks away moisture so your feet stay cool and dry all day.",https://m.media-amazon.com/images/W/MEDIAX_792452-T1/images/I/711MgPoMoUS._AC_SX679_.jpg,4.7,15937
10076,229,2008,Tribal Women's Sophia 5 Pkt Curvy Straight Petite,YAM572VZ,9/9/2019,52.28,98,10,"Repreve Polyester By Unifi made from recycled plastic bottles
Petite fit 30"" inseam
Curvy Mid RisePetite
Five pockets
Straight Leg",https://m.media-amazon.com/images/W/MEDIAX_792452-T1/images/I/718869xFzSL._AC_SX569_.jpg,4.2,7
10077,229,2008,vineyard vines Women's 3.5 Inch Every Day Shorts,YAM572ZR,2/2/2021,58,440,127,3.5 INCH SHORTS – We wanted to make great quality shorts for everyday wear| hence the name! With a super soft feel and just the right amount of stretch| these women’s vineyard vines shorts are a closet staple,https://m.media-amazon.com/images/W/MEDIAX_792452-T1/images/I/6157JEYRyDL._AC_SX569_.jpg,4.4,89
10078,229,2008,Beyoncé Official Renaissance World Tour Merch Disco Cowboy Hat T-Shirt,YAM58ZZR,11/8/2019,40,10578,2208,Back print features each city of the RENAISSANCE WORLD TOUR,https://m.media-amazon.com/images/W/MEDIAX_792452-T1/images/I/71Uxhfi5KQL._AC_SX569_.jpg,4.8,1546
10079,229,2009,Legendary Whitetails Men's Journeyman Shirt Jacket| Flannel Lined Shacket for Men| Water-Resistant Coat Rugged Fall Clothing,YAM55MMR,9/16/2020,71.99,25147,16834,[Fit & Sizing]: For the signature Legendary Whitetails fit| see our size chart which accomodiates Standard and Big & Tall sizes; the Journeyman shirt jacket is designed for extra layering,https://m.media-amazon.com/images/W/MEDIAX_792452-T1/images/I/81rvPoT0IaL._AC_SX522_.jpg,4.4,11784
10080,229,2009,Vertx Men's Tactical Polo| Short Sleeve T-Shirt| Moisture-Wicking| Outdoor Performance for Active Missions| Police,YAM55MM1,11/23/2021,52.99,845,189,"RELAXED FIT - Relaxed fit tactical t shirts for men with side gussets and raglan sleeves for added comfort and increased mobility.
COLDBLACK TECHNOLOGY - With Coldblack technology you will feel cool even in dark colors. Reflects 80% of the sun’s rays and reduces heat absorption to keep you cool.",https://m.media-amazon.com/images/W/MEDIAX_792452-T1/images/I/71X6pEY8+gL._AC_SX679_.jpg,4.5,133
10081,229,2009,Men's Cotton Casual Polo Shirt Short Sleeve Striped Solid Golf Polo Shirts for Men Classic Pique Relaxed-Fit,YAM55MM2,12/17/2020,21.99,787,246,"65%Cotton 35%Polyester
Machine wash cold
Contrast Collar and Cuff
Regular fit through the chest for a relaxed
Two-button placket with reinforced bottom",https://m.media-amazon.com/images/W/MEDIAX_792452-T1/images/I/912F7Qz+dsL._AC_SX679_.jpg,4.2,173
10082,282,2010,DELTA Windemere Toilet Paper Holder| Oil Rubbed Bronze| Bathroom Accessories| 70050-OB| 24 Inch Towel Bar,DEL887D2,6/7/2022,22.32,2546,887,"Wall mounted design for bathroom convenience and organization
Rustic oil rubbed bronze brings old-warm charm to you space for an inviting| sophisticated look in a stunning combination of deep| warm tones and hand-relieved bronze highlights for a truly unique look",https://m.media-amazon.com/images/W/MEDIAX_792452-T1/images/I/51kL+HXJbVL._AC_SL1500_.jpg,4.6,621
10083,282,2010,Clorox Toilet Plunger with Hideaway Storage Caddy| 6.5O x 6.5O x 19.5O| White/Gray,DEL58DH3,5/15/2020,14.49,1524,11015,"TOILET PLUNGER AND HOLDER SET: Includes a toilet plunger as well as a coordinating hideaway caddy for convenient access and discreet storage when not in use
HEAVY DUTY PLUNGER: Flange cup clears even the toughest clogs| and the 15.5"" handle with ergonomic grip provides additional leverage for highly effective results when unclogging the toilet",https://m.media-amazon.com/images/W/MEDIAX_792452-T1/images/I/618TvEG21CL._AC_SL1500_.jpg,4.3,7711
10084,363,2011,McAfee AntiVirus Protection 2024 Ready | 1 PC (Windows)| Cybersecurity software includes Antivirus Protection| Internet Security Software | 1 Year Subscription | Key Card,YH238HSM,2/27/2020,12.99,99999,47,"MCAFEE ANTIVIRUS IS ESSENTIAL SECURITY FOR YOUR PC - complrehensive| simple solution that protects you online
AWARD-WINNING ANTIVIRUS - rest easy knowing McAfee's protecting you from the latest threats",https://m.media-amazon.com/images/W/MEDIAX_792452-T1/images/I/61fic-D550L._AC_SL1500_.jpg,4.2,33
10085,363,2011,McAfee+ Premium Individual Plan| 2024 Ready | Unlimited Devices | Identity and Privacy Protection Software includes Unlimited Secure VPN| Identity Monitoring| Password Manager and Antivirus | Download,YH239HM1,9/3/2019,29.99,99999,163,"NEXT-LEVEL| ALL-ONE-PROTECTION with premium device security| enhanced 24/7 identity monitoring| online privacy protection| and automatic VPN for unlimited devices
UNLIMITED SECURE VPN – Stay private and secure on public Wi-Fi with VPN that can connect automatically when you need it",https://m.media-amazon.com/images/W/MEDIAX_792452-T1/images/I/71VuUmKaIgL._AC_SL1500_.jpg,4.2,115
10086,375,2012,Carhartt Men's Knit Cuffed Beanie,GH427HSK,9/6/2020,18,251478,153589,Carhartt label sewn on front,https://m.media-amazon.com/images/W/MEDIAX_792452-T1/images/I/91URQ3C9hFL._AC_SX679_.jpg,4.8,107513
10087,375,2012,Dickies Men's Dri-tech Moisture Control Crew Socks Multipack,GT23HS67,1/2/2022,12.99,198745,183423,"Soft Breathable Moisture Control Fibers
Arch Compression Support and Stability
Ventilation Channels Enhance Air Flow
Durable Reinforced Heel and Toe
Fabric content may vary by color",https://m.media-amazon.com/images/W/MEDIAX_792452-T1/images/I/9171uzu8PEL._AC_SX679_.jpg,4.7,128397
10088,375,2012,Flexible Fabric Adhesive Bandages for Wound Care and First Aid| All One Size| 100 Count,BCVG32325,2/26/2019,8.36,104588,45114,100-count Band-Aid Brand Sterile Flexible Fabric Adhesive Bandages for first aid and wound care protection of minor wounds| cuts| scrapes and burns. Adhesive bandages make a great addition to wound care supplies and first aid kits,https://m.media-amazon.com/images/W/MEDIAX_792452-T1/images/I/91nHT-VLyPL._AC_SL1500_.jpg,4.8,31580
10089,384,2013,CatToysOfficial| CAT Little Machines Toys with 5pcs - Dump Truck| Wheel Loader| Bulldozer| Backhoe| and Excavator Vehicles| Cake Toppers| Playset for Kids Ages 3 and up|Yellow,TGRDS132,5/22/2022,5.99,10547,8762,"Includes 5 Mini Vehicles: The Cat Construction Little Machines 5 Pack Includes Five 3"" Mini Cat Construction Toy Vehicles",https://m.media-amazon.com/images/W/MEDIAX_792452-T1/images/I/61yYBZIpRRL._AC_SL1280_.jpg,4.6,6134
10090,384,2013,"CatToysOfficial| CAT Construction 11.5"" Power Haulers 2.0 Excavator| Lights and Sounds| Ages 3 and up|Yellow",HG23YT21,7/11/2019,19.99,475,135,"Realistic lights & sounds: Features flashing lights with realistic engine and hydraulic sounds.
MOTION DRIVE TECHNOLOGY: Push the vehicle forward to make the engine rev and activate the lights; push the vehicle backward to hear back-up sounds. Raise or lower the bucket to hear hydraulic sounds and flash the lights",https://m.media-amazon.com/images/W/MEDIAX_792452-T1/images/I/81jsJ+xqupL._AC_SL1500_.jpg,4.5,95
10091,384,2013,"CatToysOfficial| CAT Construction Fleet 10"" Excavator Toy| Ages 3 and up| Yellow",GT234FSV,5/24/2019,10.99,87451,12103,Real Working Parts: 10 Inch Kid Powered Cat Construction Toy Excavator With Articulated Parts For Real Cat Construction Action,https://m.media-amazon.com/images/W/MEDIAX_792452-T1/images/I/51Shwit2bkL._AC_SL1000_.jpg,4.7,8473
10092,85,2014,Pet Life Unlimited Eye & Ear Wipes for Dogs | Moisturizing Aloe Leaf & Soothing Chamomile | Sensitive & Allergy Prone Dogs | Fragrance Free | 30 Count (Pack of 4) (120 Wipes Total),T564GHMS,10/24/2021,16.97,70,25,Contains (4) 30ct packs of Pet Life Unlimited Dog Eye & Ear Wipes (120 wipes total),https://m.media-amazon.com/images/W/MEDIAX_792452-T1/images/I/81n4zSHmR7L._AC_SL1500_.jpg,4.4,18
10093,416,2015,Briggs & Riley Baseline Spinners| Plum| 21-inch Global Carry-On,7HGBMHAF,6/4/2020,699,100,0,"Outsider Handle: Provides optimal capacity and a ?at packing surface inside to minimize wrinkling.
World's only one-touch CX expansion: increases packing capacity when you need more space. Simply press CX buttons and pull up sides to expand. Once ready| zip closed and push down to compress",https://m.media-amazon.com/images/W/MEDIAX_792452-T1/images/I/711wYVXiA4L._AC_SL1500_.jpg,,0
10094,416,2015,Briggs & Riley Uprights| Black| 21-inch Baseline Global Carry-On,YGSFNS21,12/24/2021,659,15,117,"Outsider Handle: Provides optimal capacity and a ?at packing surface inside to minimize wrinkling.
World's only one-touch CX expansion: increases packing capacity when you need more space. Simply press CX buttons and pull up sides to expand. Once ready| zip closed and push down to compress",https://m.media-amazon.com/images/W/MEDIAX_792452-T1/images/I/81Tj2ai5s5L._AC_SL1500_.jpg,4.5,82
10095,432,2016,Dremel Multi-Max 3.5 Amp Oscillating Tool Kit with Tool-LESS Accessory Change- Multitool with 12 Accessories- Compact Head & Angled Body- Drywall| Nails| Remove Grout & Sanding-,IUOPLM21,9/9/2022,71.6,30,630,Powerful Performance: MM35-01 features a 3.5 Amp motor to easily tackle the toughest applications. Take on a various of DIY projects to repair| remodel and restore your home.,https://m.media-amazon.com/images/W/MEDIAX_792452-T1/images/I/711VZrSsenL._AC_SL1500_.jpg,4.6,441
10096,432,2016,Dremel MM480 Wood Drywall Oscillating Multitool Blade| High Speed Steel Saw Blade Ideal For Wood Cutting Applications – Universal Quick-Fit Interface Fits Bosch| Makita| Milwaukee and Rockwell | Black,IO23JM09,8/13/2019,12.9,53,133,"HIGH PERFORMANCE: Wood flush oscillating multi-tool blade made of premium high carbon steel and cuts up to 1-5/8"" deep.
PRECISE CUTS: Blades are designed to make clean cuts allowing for installation of flooring or wall trim| and may be used on wood| plastic| drywall and other soft materials",https://m.media-amazon.com/images/W/MEDIAX_792452-T1/images/I/61bzq82wdsL._AC_SL1500_.jpg,4.8,94
10097,438,2017,Huggies Simply Clean Fragrance-Free Baby Wipes| 64 Count (Pack of 11) (704 Wipes Total),OLTY23FS,10/13/2020,17.13,58744,44732,11 flip-top packs of 64 unscented baby wipes (704 wipes total),https://m.media-amazon.com/images/W/MEDIAX_792452-T1/images/I/81fH2yjK5mL._SL1500_.jpg,4.7,31313
10098,438,2017,Sensitive Baby Wipes| Unscented| Hypoallergenic| 99% Purified Water| 12 Flip-Top Packs (768 Wipes Total),23TRGH21,5/30/2019,23.17,87455,51459,12 flip-top packs of 64 Huggies Natural Care Sensitive Baby Wipes| Unscented (768 wipes total)| the same baby wipes you love| now with brand new Winnie-The-Pooh designs,https://m.media-amazon.com/images/W/MEDIAX_792452-T1/images/I/81kIR7Q3ODL._SL1500_.jpg,4.8,36022
10099,438,2018,Meta Quest 2 — Advanced All-In-One Virtual Reality Headset — 128 GB,BV27NM87,7/22/2020,249,101567,88041,"Experience total immersion with 3D positional audio| hand tracking and easy-to-use controllers working together to make virtual worlds feel real.
Explore an expanding universe of over 500 titles across gaming| fitness| social/multiplayer and entertainment| including exclusive releases and totally unique VR experiences.",https://m.media-amazon.com/images/W/MEDIAX_792452-T1/images/I/61tE7IcuLmL._AC_SL1500_.jpg,4.7,61629
10100,438,2018,Quest 2 Carrying Case for Lightweight| Portable Protection - VR,NMN32MJ,2/18/2022,53.17,98745,89741,Protect your Quest 2 on the move with a contoured foam inner moulding holds contents in place as you travel| absorbing rattles and bumps. (Packaging may vary) Meta Quest packaging will continue to carry the Oculus name and logo during the transition to our new branding.,https://m.media-amazon.com/images/W/MEDIAX_792452-T1/images/I/61tJgPHG4NL._SL1500_.jpg,4.7,14
